name_r,comments_r
Rahul Rajendran,dafdfaffd
Rahul dsdgsdg,2352532532
5b876931-9766-4c70-ba75-3fe0968880ce,Rahul Rajendran,erwerewr
5e162c73-2dc9-4dfc-a6b2-d440e778d290,Rahul Rajendran,sdgdsgs
8788427b-81ab-48c8-a9c7-8b66f541e30b,Rahul Rajendran,sfsfasf
f841b70c-e7ec-417d-b482-d202d05f8e80,Rahul Rajendran,1234
97581989-88ad-4c8e-83cd-3c498c6cd928,Rahul Rajendran,erwerew
8afadb68-2ee1-4c0f-b3a2-8b7c35c587f7,Rahul Rajendran,3413414
de169be2-9752-4884-90e1-158874275631,Rahul Rajendran,dsgsdgdsg
2c49e861-7df9-4143-830d-f5f6bda628df,324,234324
ecd8fc1a-02ac-447b-a287-05d8bed29b75,Rahul Rajendran,hjkhkjh
d7bacd05-63e0-48aa-a7ec-118f4b426c6c,Rahul Rajendran,214123
96fca7ea-064e-4237-8011-39517cf8c281,Rahul Rajendran,swwqeq
8e46f4d1-2bc7-4722-b022-49cd64c83491,Rahul Rajendran,jkljllkklj
32bd1af6-4b44-4362-bf2b-c2d43ca8ede8,Rahul Rajendran,wetetew
873022ff-15e7-4cb4-92fb-46c91deaf4dc,Rahul Rajendran,sfasfsaf
ee4be0e9-cf33-44a2-885f-7b7e104d39d3,Rahul Rajendran,sdfsfdsf
e229f316-fc47-4da8-a279-08bd70438dd4,Rahul Rajendran,sgdgsdg
50925323-0c4e-45df-8ad6-bbbf50cd1102,Rahul Rajendran,sdfgsdf
be1480eb-69bf-4407-a789-6e780f8e3c69,Rahul Rajendran,sdfsfdsf
626b11bb-0417-4c91-9a8a-553decc05a0a,erererer,sdfsdfd
91423c66-0a08-4b1d-8aa0-2324cb08667c,Rahul Rajendran,dffafafa
65fe4934-4feb-4a65-8793-00f3bac8d189,Rahul Rajendran,sdgdsggsd
99763af7-8059-429c-98b6-b613c1b8efc4,Rahul Rajendran,dsffdf
4bdffec7-3d5b-4ac8-a576-b4e8de21773d,Rahul Rajendran,dggsdg
86699119-c6db-47a4-8b69-dbdd66010bbe,Rahul Rajendran,gsdgdsg
9369a913-ce8b-45d4-a038-3803196e20c3,Rahul Rajendran,ssfsafa
d1dafcc0-c218-448e-91d0-33b42a2e624d,Rahul Rajendran,ddgdgs
bb684b14-7927-4f25-94e6-07fb847c2655,,
a58a417d-9a90-47e7-8372-aa1b3f9baf4b,,
ca2e5d32-7d0d-4851-979a-0b70719efbef,,
900d287c-34fc-471d-bc83-36356a6df75a,,
fab62518-2872-44cf-82c4-2ce172497d0b,,
284ef29f-268f-4c0a-89e9-6b567143e2ec,,
dd1bd105-9c02-48a3-8051-b9efbbc5c6ae,,
1840e788-7178-4897-bde3-989904c4d595,Rahul Rajendran,werwer
f5d41c18-f0f1-4bcf-a0e7-c1e787b606f2,Rahul Rajendran,ddsgsdg
180321b3-6013-49b7-80b3-b038aab0120d,Rahul Rajendran,dadda
c309d416-db42-42e4-b55c-ad8e8576542e,Rahul Rajendran,qwrrqrwqw
7a848740-93c0-476b-b6e1-489215a0e9f2,Rahul Rajendran,dsgdsg
b4c4611e-92b9-4260-889e-4c8b984ae6d2,Rahul Rajendran,sdsfsg
1e1ac29d-8923-4159-9ffc-441f126dd2fc,Rahul Rajendran,ssfsaf
8fa97ca2-9b5b-4b38-accd-4b79a76fd1c2,Rahul Rajendran,adsfadff
50b72348-06b8-4ef8-be2b-a56da6035c93,Rahul Rajendran,zxczxczx
f7190d52-e868-48fd-97c2-b33f1caed2e4,Rahul Rajendran,asdasd
2037f7af-31f1-4ef3-b261-173e4a11645f,,rahulffasf
9dee702b-ce16-4619-90c0-862549cb8e5f,Rahul Rajendran,rahulffasf
72ef0f79-4502-45ff-93fd-4a89efd854a7,Rahul Rajendran,asdfaffa
38e903d1-ac3b-4a95-9397-edbd39c459d6,Rahul Rajendran,dsgdsgds
5654fa57-66df-4a7a-aa0c-e91bf7794f44,Rahul Rajendran,dsgsdgdsg
d7ee7d70-e6ab-40a7-bd48-3ac898d410a3,Rahul Rajendran,dsafaf
d40361bf-d1a1-4846-a8fc-8f2f53676d83,Rahul Rajendran,adfdaf
c7024964-93a7-4d2f-9c84-0116cbd66dc2,Rahul Rajendran,adsfafd
dd489a90-66c2-4940-97f3-04cab1de4b19,,
7df57c12-8411-4fe4-9eb9-55f17fc3c775,Rahul Rajendran,asfafafs
0d801c41-b371-4f1f-b2f9-20250cbc470a,Rahul Rajendran,sfasfas
a8719d45-c6e0-48d8-871a-1b048be9bbf7,Rahul Rajendran,dgdgdsg
13276fdd-d11c-45d2-b0c9-f349b0ddc820,Rahul Rajendran,dafafaf
bf991721-669c-43d4-9ec6-8d6e0eea4d78,Rahul sfsafasfas,dafafaf
f0d1cb02-b733-48f9-b8ce-8129bc18907c,dgadgsdg,dafafaf
5a82b058-c70d-405e-bc55-ad90b9a240cd,safasfsaf,dafafaf
31ed8110-67af-447d-bb17-e1a883d10ba7,Rahul Rajendran,sfsafs
173a47c9-3a57-41be-956b-8caf7543cfd0,Rah,dsgsdgdg
6cefa13b-ab73-4816-bcef-22d9ddf9e4da,dgsgsg,wr21442
aa155ce5-502c-497e-906d-b0cd2d013986,Rahul Rajendran,dfadadf
e8797184-5e44-4d2b-b9d9-9925e9a89f73,Rahul ryreyery,dfadadf
82c3ab41-c682-4897-a669-8fdf4e847635,Rahul Rajendran,dggdsg
3dd35d02-a7da-4480-872a-1f4e4af1e340,Rahuyrry,dggdsg
db490c28-29db-4430-b348-9f17b3669f24,daga,24124
0ca5d6bb-d5b6-442d-92b3-c97ccecb2a40,asdadg,addg242
180608d6-10a1-4b17-98cb-14b8c3a48597,dgdg,addg242sdgdsgs
dd867564-dc15-4d4e-b22e-62153ccd1cea,Rahul Rajendran,afaa
07982db1-b388-479a-8a58-9ec493e2c107,Rahul,afaa
8dae08c2-01f5-4432-9041-49dee13cd47d,Rahul Rajendran,wqrwqr
93beb79a-e58c-46e8-9628-0a092c70610c,Rahul Rajendran,eretet
2acc04e9-fe3f-469c-8911-2465859652b7,Rahul twetwet,eretet
30337c09-3b2a-4a66-bfce-ffa673116cfb,rahul,dgsdgs
15ac75fb-084c-42f3-8d0d-7394aa7daa46,sgdsgdg,sdgsdg
11924a60-87ae-4c07-8d6a-eaf9019ef00d,Rahul Rajendran,asfaf
330b601c-6602-401e-affe-7d2d1bc8895e,Rahul Rajendran,asfaf
83eef075-38ab-4274-97fd-8b9fc759fd49,Rahul Rajendran,dgsdg
795482e6-e96f-419a-98f1-59d3414981e6,Rahul Rajendran,dgsdg
a411d9ee-0c21-4ff7-ab2d-f4086a9b5c40,Rahul Rajendran,asff
652b8ae8-559b-482b-8396-afb2cb8d3127,Rahul Rajendran,asff
4bb92294-2f15-412f-90f5-909dca44c88b,Rahul Rajendran,asff
2b27962d-21a1-4ec5-aae6-c7f3fd84ca03,Rahul Rajendran,afafsa
62c7f558-c1ac-47cc-9a7c-aa55c951e5e6,Rahulryrey,afafsa
9efa0044-ec67-4be8-9856-234344090dbb,etewtew,afafsa
9be83601-450d-4e40-8e42-295f5a20dd63,Rahul Rajendran,adfafaf
a2d70fa8-5a1c-47ad-aea4-fec74bfa8ba7,Rahul Rajendran,dgsdg
00a3c090-b160-47cb-97f3-ee5044218bda,Rahul Rajendran,svvsv
894dbaeb-ba26-4bf4-b523-5a57b903f02f,Rahul Rajendran,asff
a96fa3eb-d95c-49e6-b999-0506da7a5348,Rahul Rajendran,ddgsgs
5a0e27a2-535d-457b-a2ed-8c79b89b5cbf,Rahul Rajendran,weeet
d1142b89-0b44-49db-b903-54aa8ad11531,rahul,asdfaf
7fee96a2-4213-42c6-9110-2d282d199b95,rahul,asdfaf
